Question,Generic,Situation,Task,Action,Result,Type
Tell me about yourself,"I am a software developer with over five years of experience in the tech industry, specializing in full-stack development. My journey began with a CS degree, and I've worked extensively with JavaScript, Python, and Java. I have a strong background in web applications and am passionate about creating user-friendly, efficient solutions. I regularly engage in professional development and contribute to open-source projects.",,,,,Introduction
Tell me about a time you had a disagreement with your manager,,"As a software engineer, I disagreed with my manager over the approach to a new feature. My manager wanted to implement it using a technology stack I believed wasn't optimal for long-term goals.",Effectively communicate my concerns and suggest an alternative approach.,"Requested a one-on-one meeting, prepared comprehensive comparison of technologies, presented findings respectfully, emphasized commitment to project success.","Manager appreciated the analysis, adopted a hybrid approach incorporating elements from both suggestions. Strengthened relationship and improved project outcome.",Conflict Resolution
Tell me about a situation when you had a conflict with a teammate,,"Working on a new feature, a teammate (Sarah) disagreed with my proposed implementation approach, favoring a more complex solution.",Resolve conflict while maintaining team harmony and ensuring best technical solution.,"Initiated meeting to understand perspectives, listened to concerns, suggested team presentation of both approaches.",Team decided on hybrid solution combining best aspects of both approaches. Improved relationship with teammate and project success.,Conflict Resolution
Tell me about a time you failed,,"As a software developer at a tech startup, I was responsible for developing a new feature that was highly anticipated.",Develop and ensure the feature was bug-free before the scheduled release.,"Rushed testing phase to meet deadline, deployed feature with critical bug. Took immediate responsibility, worked to fix issue, conducted root cause analysis.","Bug fixed within 24 hours, implemented more rigorous testing processes. Learned valuable lessons about maintaining quality standards regardless of time pressure.",Problem Solving
Describe a time when you led a team,,Appointed as lead developer for a critical project developing new data analytics features.,Lead team of five developers and two UI/UX designers to deliver project within six months.,"Organized kickoff meeting, established communication channels, delegated tasks based on strengths, implemented flexible working hours.","Completed project ahead of schedule, achieved 20% increase in customer satisfaction, team members received promotions.",Leadership
Tell me about a time you worked well under pressure,,A major client reported significant bug affecting their operations.,Identify and fix bug within 48-hour deadline.,"Methodically analyzed code, broke task into manageable parts, maintained communication with team and client.","Resolved issue within deadline, strengthened client trust, demonstrated ability to work effectively under pressure.",Stress Management
Provide an example of a time when you had to make a difficult decision,,Discovered legacy code incompatibility with new features during major update.,Decide between refactoring legacy code or proceeding with limited functionality.,"Conducted thorough analysis, presented findings to management, advocated for phased refactoring approach.","Successfully improved product performance, streamlined future development, received positive client feedback.",Decision Making
Describe a time when you went above and beyond the requirements,,"While developing a mobile application with tight deadline, recognized opportunity to enhance user experience.",Complete assigned tasks and implement additional improvements.,"Researched UI/UX trends, proposed and implemented advanced features outside work hours, collaborated with design team.","App received positive reviews, achieved higher user retention, demonstrated proactive initiative.",Initiative
How do you handle a situation where you don't know the answer,,"During client meeting, asked about unfamiliar technology integration.",Handle situation professionally without losing client confidence.,"Acknowledged knowledge gap, committed to finding solution, researched thoroughly, consulted colleagues.","Delivered comprehensive integration strategy within two days, impressed client with quick response.",Problem Solving
Describe a time you received tough feedback,,"During review meeting, received critical feedback about code performance inefficiencies.",Address specific issues and demonstrate constructive response to criticism.,"Requested detailed feedback, reviewed code thoroughly, consulted experienced colleagues, attended optimization workshop.","Significantly improved code performance, received positive feedback, enhanced professional growth.",Communication
Describe a time when you had to give difficult feedback,,Mentoring junior developer who consistently produced poorly documented code.,Provide constructive feedback without discouraging enthusiasm.,"Arranged private meeting, acknowledged strengths first, explained documentation importance, provided examples and resources.","Developer improved documentation practices, thanked mentor for guidance.",Communication
Tell me about a time when you had to prioritize tasks quickly,,Multiple projects converged with urgent bug in production and ongoing feature development.,Address both urgent fix and maintain development timeline.,"Assessed situation, prioritized critical bug, communicated with team lead, set mini-deadlines.","Fixed urgent issue quickly, completed feature on time, improved time management skills.",Time Management
Describe a time when you anticipated potential problems,,Working on large-scale web application expected to handle high traffic post-launch.,Ensure application scalability for projected traffic increase.,"Conducted load testing, implemented caching mechanisms, integrated auto-scaling solutions.","Application handled traffic surge successfully, received recognition from management.",Problem Solving
Tell me about a time when you had to deal with a difficult customer,,Client unhappy with initial version of custom software tool despite meeting requirements.,Address client concerns and find satisfactory solution while maintaining workflow.,"Initiated detailed feedback meeting, identified expectation gaps, proposed modifications, set up weekly progress meetings.","Client pleased with modifications, led to further business opportunities.",Customer Service
Tell me about a time when you missed a deadline,,Working on critical e-commerce website update with tight deadline.,Deliver backend components on time for promotional event.,"Communicated challenges early, proposed phased rollout plan, increased work hours.","Critical features delivered for event, maintained client trust despite delay.",Time Management
Describe a time when your workload was heavy,,Team understaffed due to departures while managing multiple key projects.,Manage increased workload without compromising quality.,"Prioritized tasks, organized schedule, automated routine work, communicated with manager.","Met all deadlines, maintained quality, improved efficiency processes.",Time Management
Tell me about a time when you dealt with significant change,,Team transitioning from monolithic to microservices architecture.,Quickly adapt to new architecture while contributing effectively.,"Took online courses, experimented with small services, joined study groups, maintained communication.","Successfully contributed to microservices implementation, led key module development.",Adaptability
Describe a time when you saw a problem and took initiative,,Noticed inefficient manual deployment process causing delays.,Streamline deployment process to reduce errors and time.,"Researched CI/CD tools, developed automated pipeline, conducted team training.","Reduced deployment time by 50%, eliminated manual errors, improved team efficiency.",Initiative
Describe a time when there was conflict within your team,,Team members disagreed on implementation approach for crucial feature.,Help resolve conflict and restore team harmony.,"Met with each party, organized team discussion, proposed prototype testing of both approaches.","Found compromise solution, improved team communication processes.",Conflict Resolution
Describe a time when you went out of your comfort zone,,Volunteered for front-end work despite being primarily backend developer.,Learn new skills and contribute to project success.,"Took online courses, sought mentorship, practiced extensively, requested regular feedback.","Successfully implemented key features, expanded skill set, increased project versatility.",Growth Mindset
Tell me about a time you delivered under tight deadline,,Crucial regulatory compliance feature needed rapid development.,Lead feature development with strict regulatory deadline.,"Conducted thorough planning, implemented agile practices, coordinated with compliance team.","Delivered ahead of schedule, met all requirements, improved team processes.",Time Management
Tell me about a time when you had to work simultaneously on urgent and long-term projects,,Had to handle urgent client issue while leading long-term development project.,Manage increased workload without compromising either project.,"Assessed priorities, created organized schedule, delegated tasks, established daily standups.","Resolved client issue within week, kept long-term project on track.",Time Management
Tell me about a project that didn't go according to plan,,Leading backend development for new CRM system integration.,Ensure seamless integration with front-end and database systems.,"Re-evaluated project plan when faced with challenges, organized cross-team meetings, revised technical approach.","Successfully delivered robust CRM system, improved sales efficiency by 25%.",Problem Solving
What's the Number One Accomplishment You're Most Proud Of,,Led development of comprehensive inventory management system at e-commerce company.,"Develop new system to replace inefficient, error-prone processes.","Led development team, worked with operations, implemented modern tech stack, conducted thorough testing.","Improved accuracy, reduced operational costs by 20%, increased customer satisfaction.",Achievement
Tell me about a time you took a big risk and it failed,,Proposed using new technology stack for performance improvements.,Develop core component using cutting-edge but untested technology.,"Invested time in learning and implementation, monitored progress, recognized stability issues.","Had to revert to traditional approach, learned valuable lessons about risk assessment.",Risk Management
How would you design/test a product for inclusivity,,Creating health and fitness app that needed to address diverse user needs.,Ensure app was inclusive and accessible to broad user base.,"Conducted user research, integrated inclusive design principles, assembled diverse testing team, implemented accessibility standards.","Received positive feedback for inclusivity, broadened market reach, improved brand image.",Technical Design
Tell me about a time when you had to explain a complex technical concept,,Needed to explain machine learning feature to marketing stakeholder.,Explain complex algorithms in understandable terms.,"Prepared presentation using analogies, avoided jargon, used visual aids, related to business impact.","Stakeholder understood concept and its marketing potential, improved cross-department collaboration.",Communication
Tell me about a time when you linked two problems together,,Patient data management system experiencing synchronization errors and slowdowns.,Investigate and resolve seemingly separate issues.,"Analyzed error patterns, reviewed database operations, discovered common root cause.","Fixed underlying issue, improved system performance and reliability.",Problem Solving
Tell me about a time you sacrificed short term gain for long term goal,,Leading security component development for online banking application.,Balance launch timeline with security requirements.,"Analyzed risks, presented case to management, proposed revised timeline with incremental releases.","Enhanced company reputation for security, increased user adoption despite initial delay.",Strategic Thinking
Have you ever been in a situation where another team was creating a similar product?,,"At my previous job, discovered another in-house team working on project with overlapping functionalities in customer service automation.",Address duplication of effort without hampering either team's progress.,"Suggested joint meeting, discussed scope and objectives, proposed collaboration, formed joint task force, coordinated integration efforts.","Successfully integrated tools into more comprehensive solution, improved efficiency, demonstrated value of cross-team collaboration.",Collaboration
What is the biggest technical challenge you have worked on?,,Led development of large-scale data processing system handling millions of IoT devices in real-time.,Develop core data processing module for real-time analysis of massive data streams.,"Researched distributed computing frameworks, implemented microservices architecture, set up test environment, coordinated with other teams.","Successfully deployed system with high performance, enhanced client decision-making capabilities, marked company milestone in big data projects.",Technical Skills
What is something new that you've learned recently?,,Identified need to enhance cloud computing knowledge as team was transitioning to AWS.,Learn and apply AWS technologies to improve team projects.,"Enrolled in AWS certification course, practiced hands-on, focused on practical applications.","Passed certification, led Lambda optimization initiative reducing costs 30%, improved team's cloud capabilities.",Growth Mindset
Tell me about a time when you had to make a decision without all the information,,Payment gateway integration project faced delays due to missing API documentation.,Complete integration on time despite incomplete information.,"Evaluated partial information, consulted experienced colleagues, created sandbox environment, developed mock API based on industry standards.","Successfully completed integration, hypothesis proved largely correct, maintained project timeline.",Decision Making
Explain a situation where excess work meant you couldn't meet deadline,,"Week before deadline, beta testing revealed significant UX issues requiring additional work.",Address issues while managing increased workload.,"Reassessed priorities, communicated with stakeholders, sought team assistance, extended work hours, provided regular updates.","Delivered critical fixes with minimal delay, maintained quality, improved project management processes.",Time Management
Give an example of collaborating with different department,,Tasked with creating analytics tool requiring close collaboration with marketing team.,Develop tool meeting specific needs of non-technical users.,"Initiated joint meetings, maintained clear communication, adopted agile approach, created shared communication channels.","Delivered effective tool, enhanced marketing workflow, improved cross-department relationships.",Collaboration
What do you do to enhance technical knowledge,"I regularly take online courses, participate in coding challenges and hackathons, contribute to open-source projects, read tech blogs, and attend local tech community meetups. This combination helps me stay current with latest developments and continuously improve my skills.",,,,,Professional Development
How do you prioritize workload when overwhelmed,"I use the Eisenhower Matrix to categorize tasks by urgency and importance, break down larger projects into manageable tasks, communicate with team about challenges, take strategic breaks, and leverage automation tools to increase efficiency.",,,,,Time Management
Why do you want to change company,"I've had valuable experience at my current company but am seeking new challenges and opportunities to expand my skills, particularly in [specific area]. Your company's focus on [specific aspects] aligns with my career goals and I'm excited about contributing to [specific projects].",,,,,Career Goals
How do you handle ambiguity in system design,"When designing systems, I start with thorough requirement gathering, conduct feasibility studies, create initial design proposals, hold stakeholder reviews to clarify ambiguities, and maintain detailed documentation throughout the process. Clear communication and collaboration are key priorities.",,,,,Technical Design
What will be your course of action if assigned an unfamiliar task?,"First assess requirements and scope, research documentation and tutorials, reach out to experienced colleagues, start with small experiments, keep team informed of progress, maintain positive learning attitude while ensuring delivery quality.",,,,,Problem Solving
How would you respond if asked to deploy to production on Friday afternoon?,"I would assess the risk level, review change complexity, ensure proper testing, confirm rollback procedures, verify monitoring systems, and potentially suggest scheduling for Monday unless truly urgent. If deployment is necessary, I would ensure thorough testing and have a backup plan ready.",,,,,Risk Management
How do you stay up-to-date with technological advancements?,"I use online learning platforms, follow industry news and publications, engage in community forums, attend conferences and meetups, and experiment with new technologies in personal projects. I also participate in tech communities and contribute to open source.",,,,,Professional Development
Tell me about a time you debug a challenging technical issue,,Production CMS experiencing sporadic crashes disrupting content team workflow.,Identify and resolve root cause of intermittent system crashes.,"Analyzed logs, developed hypothesis about memory leaks, used profiling tools, traced issue to specific module, refactored problematic code.","Eliminated system crashes, improved reliability, enhanced diagnostic processes.",Technical Skills
Tell me about a time you motivated a group,,Leading challenging project requiring new technology adoption with tight deadline.,Keep team motivated while ensuring project success.,"Organized skill-sharing sessions, established open communication channels, celebrated milestones, provided continuous feedback and support.","Completed project ahead of schedule, improved team skills, strengthened team cohesion.",Leadership
Tell me about a time you had different opinion than rest of team,,Team wanted complete rewrite of legacy code for performance improvement.,Present alternative solution while maintaining team harmony.,"Prepared detailed analysis, created proof of concept showing targeted optimization benefits, presented data-backed findings.","Team adopted optimization approach, improved performance without risks of complete rewrite.",Communication
Tell me about a time you solved problem with multiple solutions,,Application load time significantly higher than industry standards.,Find most effective solution to optimize load time.,"Analyzed performance metrics, organized team brainstorming, prioritized code optimization, proposed phased approach.","Achieved 50% load time reduction, improved user satisfaction, established better optimization processes.",Problem Solving
What questions do you have for me?,What are the biggest challenges in this role? How does the team measure success? What's the most exciting project you've worked on? How would you describe the team culture? What opportunities exist for professional growth? What's the typical day like for this position?,,,,,Interview Questions
How has working remotely impacted your work style?,"I've adapted by establishing a structured routine, utilizing collaboration tools effectively, maintaining clear communication channels, and being proactive in team interactions. I focus on deliverables while ensuring regular check-ins with team members.",,,,,Work Style
How do you review other team members' code?,"I follow a systematic approach: understanding requirements first, checking code style and conventions, reviewing logic and algorithms, testing edge cases, providing constructive feedback with examples, and ensuring knowledge sharing through the process.",,,,,Technical Skills
Tell me about a time you championed a new technology,,Identified opportunity to implement containerization in legacy application deployment.,Convince team and management about benefits of Docker adoption.,"Researched benefits, created proof of concept, conducted team workshops, developed migration plan.","Successfully modernized deployment process, reduced deployment issues by 70%, improved team efficiency.",Initiative
How do you maintain work-life balance?,"I maintain clear boundaries between work and personal time, practice effective time management, communicate openly about workload, take regular breaks, and ensure sustainable productivity through proper planning and prioritization.",,,,,Work Style
Tell me about a creative solution you developed,,Team struggling with inconsistent development environments causing integration issues.,Streamline development environment setup and maintenance.,"Developed automated environment setup scripts, created comprehensive documentation, implemented version control for configurations.","Reduced environment setup time from days to hours, eliminated consistency issues.",Innovation
How do you handle repetitive tasks?,"I look for opportunities to automate where possible, create reusable templates and scripts, document processes clearly, and regularly review workflows for optimization opportunities while maintaining quality standards.",,,,,Efficiency
Tell me about a time you improved a process,,Notice team spending excessive time on manual deployment steps.,Optimize deployment process to improve efficiency.,"Implemented CI/CD pipeline, automated testing, created deployment checklist, trained team on new process.","Reduced deployment time by 60%, eliminated manual errors, improved team satisfaction.",Process Improvement